Address 1

222 Lakeview Ave. PH 5 West Palm Beach Fl 33401


5800 North Bay Road Miami Beach Fl 33140 USA

421 24th Street West Palm Beach Florida 33407
1568 Watertower Rd Lake Park FL 33403-2316 USA

"2771 Executive Park Drive, Suite 2 Weston Florida 33331 USA"
1400 Clare Ave West Palm Beach FL 33401
PO Box 393 Hobe Sound Florida 33475 USA
12510 Seminole Beach Road North Palm Beach Fl 33480 USA
417 25th Street West Palm Beach Florida 33407 USA
"224 Datura Street, Suite 908 West Palm Beach Fl 33401 USA"
120 NE 27th Street Miami Florida 33137 USA
99 Cherry Street Milford CT 06460 USA

4440 Tiffany Dr W #6 West Palm Beach FL 33407
10305 U.S. Hwy 1 Hobe Sound Florida 33455 USA

980 N Federal Hwy #110 Boca Raton Fl 33432 USA

2295-B SW Martin Hwy Palm City FL 34990
2836 West Community Drive Jupiter Fl 33458 USA
2503 Monaco Terrace Palm Beach Gardens Fl 33410 USA
935 Town Hall Ave. Jupiter Florida 33458
924 SE Riverside Drive Stuart Florida 34994
"5959 Waterford District Drive
Suite 200 Miami Fl 33126 USA"
1812 Sherman Street Hollywood FL 33020 USA
204 Greymon Drive West Palm Beach FL 33405
1201 19th Place #A400 Vero Beach Fl 32960


313 5th Street West Palm Beach Florida 33401 USA
418 25th St West Palm Beach FL 33407 United States
773 Southwest Bon Road Port St. Lucie Fl 34953 USA
PO Box 3189 Palm Beach Fl 33480 USA
253 36th Street Brooklyn NY 11232 USA
3380 SW 42nd Ave. Palm City FL 34990
6 Railroad Ave. Onenota New York 13820 USA
"1335 Old Dixie Hwy, Unit 9 Lake Park Florida 33403 USA"
PO Box 2222 Hobe Sound FL 33475 USA
6174-4 Riverwalk Lane Jupiter FL 33458
2321 NE 34th Court Lighthouse Point FL 33064 USA
18683 SE St. Augustine Way Tequesta Florida 33469 USA

"5119 W Know Street, Unit B Tampa Florida 33634 USA"
901 SE 8th Street Boca Raton Florida 33486 USA
"3233 Commerce Place, Suite C West Palm Beach Fl 33407 USA"
"1000 Clint Moore Road, Suite 211 Boca Raton Fl 33487 USA"
"401 Old Dixie Hwy, #3505 Tequesta Florida 33469"
1555 Palm Beach Lakes Blvd #1400 West Palm Beach Fl 33401 USA
"3535 Military Trail
Suite 101 Jupiter Florida 33458 USA"

"3141 Fortune Way 
Suite 12 Wellington FL 33414 USA"
3341 Poinciana Ave. Miami Fl 33133 USA


1201 E Nenkel Way #400 Scottsdale AZ 85255 USA
2200 Centrepark W DR West Palm Beach FL 33409
2189 Radnor CT North Palm Beach FL 33408 United States
1225 Hill Ave. Mangonia Park Fl 33407 USA

11894 SE Dixie Highway Hobe Sound Florida 33455 USA
17 East 64th Street New York NY 10065 US
901 28th Street West Palm Beach Florida 33407 USA
138833 Wellington Trace Royal Palm Beach Fl  USA
3500 NW Club Side Circle Boca Raton Fl 33496 USA
990 D Road Loxahatchee Florida 33470 USA
1241-B Old Okeechobee Road West Palm Beach Fl 33401 USA
8000 N Federal Hwy Boca Raton Fl 33487
426 Australian Ave. Palm Beach Fl
1440 Okeechobee Road West Palm Beach Florida 33401 USA
947 Alt A1A Jupiter Fl 33477 USA
PO Box 3821 Jupiter Florida 33469
22 Teach Road Palm Beach Gardens Florida 33410
"Beachlen Development
1000 N US Hwy 1
Unit E-401
Jupiter, Florida  33477 USA"

"801 Maplewood Drive
Suite 2 Jupiter Florida 33458 USA"

991 Stinson Way West Palm Beach Florida 33411 USA
"125 Worth Ave.
#306 Palm Beach Fl 33480 USA"

"1300 N Florida Mange Road, Suite 15 West Palm Beach Florida 33409 USA"

"1250 Elizabeth Ave 
Suite 3 West Palm Beach FL 33401"
10272 Heronwood Lane West Palm Beach Fl 33412 USA

PO Box 1450 Warroad Minnesota 56763
"2559 Webb Ave., #3 Delray Beach Florida 33444 USA"
11596 162nd Place North Jupiter Fl 33478
2528 NW 2nd Ave. Boca Raton Fl 33431 USA

133 Lighthouse Drive Jupiter Inlet Colony Florida 33469 US


1010 Central Ave Naples FL 34102
1407 Lake Drive Delray Beach Florida 33444 USA

104 2nd Street Jupiter Florida 33458 USA
112 Intracoastal Pointe Drive Jupiter Florida 33477 USA
115 1st Street Jupiter Florida 33458

"712 US Highway 1, Suite 117 West Palm Beach Florida 33408 USA"
"658 W. Indiantown Road
Suite 208 Jupiter Fl 33458 USA"
"531 US Highway 1, Suite C North Palm Beach FL 33408 United States"
2301 NE 37th Drive Fort Lauderdale Fl 33308 USA
"225 Southern Blvd
Suite 201 West Palm Beach Fl 33405"
"360 Rosemary Avenue
Suite 800 West Palm Beach FL 33401"
11900 SE Shell Ave. Hobe Sound Florida 33455 USA

14891 69th Drive Palm Beach Gardens FL 33418
651 Amber Drive Marco Island Florida  USA
"2475 Mercer Avenue
#301 West Palm Beach Florida 33401 USA"
"5500 Military Trail, Suite 22-312 Jupiter Florida 33458 USA"
"9002 Burma Road
Suite #100 Palm Beach Gardens Fl 33403"
9187 SE Start Island Way Hobe Sound Fl 33455 USA
6008 Curie Place Palm Beach Gardens FL 33418 United States
"Via Valla',24
31030 Altivole - TV
c/f piva 03315200265"


700 South Rosemary Ave. West Palm Beach Florida 34997 USA
1300 Gateway Road Lake Park FL 33403
12263 Indian Road North Palm Beach Florida 33408 USA
2500 Broadway West Palm Beach Florida 33407 USA

"1804 North Dixie Highway, Suite D West Palm Beach Fl 33407 USA"
3959 N Ocean Drive #402 Riviera Beach FL 33404
1305 53rd Street Suite 12 West Palm Beach Fl 33407 USA
"1055 SW 15th Ave, Suite 7 Delray Beach Florida 33444 USA"
"312 S Old Dixie Hwy, #104 Jupiter Florida 33458 USA"
155 Hammon Ave. Palm Beach Florida 33480 USA
"1475 Centre Park Blvd, 100 West Palm Beach Florida 33401 USA"
PO Box 4173 West Palm Beach Fl 33402 USA
PO Box 14215 North Palm Beach Florida 33408 USA
"935 Town Hall Ave, Suite 2 Jupiter Florida 33458"


"103 South U.S. Highway One, Suite 5A Jupiter Florida 33477 USA"
815 N Old Dixie Hwy West Palm Beach FL 33401 USA

PO Box 3918 Lantana Florida 33465
818 SW 4th Ave. Miami Fl 33130 USA
15470 Take Off Pl Wellington FL 33414-8318
440 25th Street West Palm Beach Florida 33407 USA
124 Victory Drive Jupiter Fl
354 Toney Penna Drive Jupiter Florida 33458 USA

354 Toney Penna Drive Jupiter Florida 33458 USA
2 Harvard Circle #300 West Palm Beach Florida 33480 USA